posts_14_d0509ab2e775f2fa1ef334bbc59f4990.png,-1,image/png,2026-04-26T12:17:46+05:00
posts_15_49bf861305e2ea49916bac2eabccf30d.png,-1,image/png,2026-04-26T12:18:18+05:00
posts_16_f0b4fa57d1d6a997a0daba46a9b5c471.png,-1,image/png,2026-04-26T12:18:18+05:00
posts_17_80ad331b16d493a060b4f995b2b1f57e.jpg,-1,image/jpeg,2026-04-26T12:20:19+05:00
posts_18_a424757103d4371dad470125b47b7464.jpg,-1,image/jpeg,2026-04-26T12:23:13+05:00
posts_19_5a18b213801f1084b29798defea79bc4.jpg,-1,image/jpeg,2026-04-26T12:33:57+05:00
posts_20_61a2f7a3a9bd02576fc629c59b5a82d1.webp,-1,image/webp,2026-04-26T12:34:45+05:00
posts_21_c2628739f04b973eb44e085760dce3dc.jpg,-1,image/jpeg,2026-04-26T16:04:01+05:00
posts_24_1b388ebcf5a63fc8e4efebdccb78783d.jpg,-1,image/jpeg,2026-04-26T16:19:34+05:00
posts_25_cfee8f19c331571645097aaa57e0e690.gif,-1,image/gif,2026-04-26T18:36:35+05:00
posts_26_91d43fc6d61b1922bc1850509304636d.jpg,-1,image/jpeg,2026-04-26T18:46:25+05:00
posts_28_d67fa7b3b0c91b39e449c2ce6f969433.gif,-1,image/gif,2026-04-26T19:02:13+05:00
posts_1_44794bc70bfd3bbabee9822d202387a6.jpg,-1,image/jpeg,2026-04-26T19:15:37+05:00
posts_10_811b9dc563ab0bb50fd68303c5ece421.jpg,-1,image/jpeg,2026-04-26T21:51:31+05:00
posts_11_17d47fb57787c185b9295c262f463399.jpg,-1,image/jpeg,2026-04-26T21:52:16+05:00
posts_11_960cb97e1dc0145f011416427a2376c4.jpg,-1,image/jpeg,2026-04-26T21:52:16+05:00
posts_11_56c7ef8dab1ec11f854e571bbf87bc24.jpg,-1,image/jpeg,2026-04-26T21:52:16+05:00
posts_15_db2d9d7996df389e0b4c6241b0b3eec7.webp,-1,image/webp,2026-04-26T21:56:53+05:00
posts_16_0ddcec9982b628bb8b594cc2dea4379c.jpg,-1,image/jpeg,2026-04-26T22:10:40+05:00
posts_17_f49127b43e466096f8c71e9dd029b32f.png,-1,image/png,2026-04-26T22:23:45+05:00
posts_19_57ce0b6cd852502256a51c7ae7843191.jpg,-1,image/jpeg,2026-04-26T22:27:06+05:00
posts_19_13e68c2d3ea7b10bf4981da46514534d.gif,-1,image/gif,2026-04-26T22:27:06+05:00
posts_19_f2038316803747abcad1a6092624758a.gif,-1,image/gif,2026-04-26T22:27:06+05:00
